№ Заказа,Наименование,Артикул,SPU ID,Размер в EU,Цена в CNY,Дата поступления Poizon ,Трек номер,На контроле ,Статус Onex,Плановая дата прибытия Onex,Дата прибытия рейса ,Заметка к закупке,,,Заметки,
1,New Balance 530 (MR530SG),,,37,569,31.05.2024,SF1664512849354,FALSE,Pick up,14.06.2024,,СЕРЕБРИСТЫЕ НБШКИ530,,,,
2,New Balance 530 (MR530SG),,,37.5,589,30.05.2024,SF1637607575150,FALSE,Pick up,19.06.2024,,,,,Женская р/с 37. - 40 ,
3,New Balance 530 (MR530SG),,,37.5,589,30.05.2024,SF1637607575150,FALSE,Pick up,19.06.2024,,,,,Мужска 41 42 43 44 45 ,
4,New Balance 530 (MR530SG),,,38,579,31.05.2024,SF1664513842817,FALSE,Pick up,14.06.2024,,,,,,
5,New Balance 530 (MR530SG),,,38,579,31.05.2024,SF1664513842817,FALSE,Pick up,14.06.2024,,,,,,
6,New Balance 530 (MR530SG),,,38,579,31.05.2024,SF1664513842817,FALSE,Pick up,,,,,,,
7,New Balance 530 (MR530SG),,,38,579,31.05.2024,SF1664513842817,FALSE,Pick up,14.06.2024,,,,,,
10,New Balance 530 (MR530SG),,,38.5,589,31.05.2024,SF1664512849354,FALSE,Pick up,14.06.2024,,,,,,
11,New Balance 530 (MR530SG),,,38.5,589,31.05.2024,SF1664512849354,FALSE,Pick up,14.06.2024,,,,,,
12,New Balance 530 (MR530SG),,,39.5,589,31.05.2024,SF1664512849354,FALSE,Pick up,14.06.2024,,,,,,
13,New Balance 530 (MR530SG),,,39.5,589,31.05.2024,SF1664512849354,FALSE,Pick up,14.06.2024,,,,,,
14,New Balance 530 (MR530SG),,,41.5,589,30.05.2024,SF1637607575150,FALSE,Pick up,19.06.2024,,,,,,
15,New Balance 530 (MR530SG),,,42,599,31.05.2024,SF1683766002850,FALSE,Pick up,14.06.2024,,,,,,
16,New Balance 530 (MR530AA1(D)),,,37.5,359,31.05.2024,SF1664512849354,FALSE,Pick up,14.06.2024,,БЕЖЕВЫЕ НБШКИ530,,,,
17,New Balance 530 (MR530AA1(D)),,,38,369,30.05.2024,SF1637607575150,FALSE,Pick up,19.06.2024,,,,,,
18,New Balance 530 (MR530AA1(D)),,,38.5,389,30.05.2024,SF1637607575150,FALSE,Pick up,19.06.2024,,,,,,
19,New Balance 530 (MR530AA1(D)),,,39.5,379,31.05.2024,SF1664512849354,FALSE,Pick up,14.06.2024,,,,,,
20,New Balance 1906R 'urbancore' (M1906RQ),,,37,639,01.06.2024,SF1613621029444,TRUE,Pick up,09.07.2024,,SF2012643987377,,,,
21,New Balance 1906R 'urbancore' (M1906RQ),,,37.5,629,01.06.2024,SF1613621029444,FALSE,Pick up,14.06.2024,,,,,,
22,New Balance 1906R 'urbancore' (M1906RQ),,,38,639,01.06.2024,SF1613621029444,FALSE,Pick up,14.06.2024,,,,,,
23,New Balance 1906R 'urbancore' (M1906RQ),,,38.5,629,01.06.2024,SF1613621029444,FALSE,Pick up,14.06.2024,,,,,,
24,New Balance 1906R 'urbancore' (M1906RQ),,,39.5,619,01.06.2024,SF3101715341460,FALSE,Pick up,14.06.2024,,,,,,
25,New Balance 1906R 'urbancore' (M1906RQ),,,40,629,01.06.2024,SF1613621029444,TRUE,Pick up,09.07.2024,,SF2012643987377,,,,
26,New Balance 1906R 'urbancore' (M1906RQ),,,41.5,629,01.06.2024,SF1613621029444,FALSE,Pick up,14.06.2024,,,,,,
27,New Balance 1906R 'urbancore' (M1906RQ),,,42,629,01.06.2024,SF1613621029444,TRUE,Pick up,09.07.2024,,SF2012643987377,,,,
28,New Balance 1906R 'urbancore' (M1906RQ),,,43,629,01.06.2024,SF1613621029444,TRUE,Pick up,09.07.2024,,SF2012643987377,,,,
29,New Balance 1906R 'urbancore' (M1906RQ),,,44,629,01.06.2024,SF1613621029444,TRUE,Pick up,09.07.2024,,SF2012643987377,,,,
30,Nike Dunk Retro 'BLACK' (DD1391-100),,,41,579,31.05.2024,SF1628543436269,FALSE,Pick up,19.06.2024,,,,,,
31,Nike Dunk Retro 'BLACK' (DD1391-100),,,42,579,01.06.2024,SF1628521428541,FALSE,Pick up,14.06.2024,,,,,,
32,Nike Dunk Retro 'BLACK' (DD1391-100),,,43,579,01.06.2024,SF3101715341460,FALSE,Pick up,14.06.2024,,,,,,
33,Nike Dunk Retro 'BLACK' (DD1391-100),,,44,569,31.05.2024,SF1394763828436,FALSE,Pick up,19.06.2024,,,,,,
34,Adidas Originals Ozweego (FY2023),,,37 1/3,489,01.06.2024,SF1394060995467,FALSE,Pick up,14.06.2024,,,,,,
35,Adidas Originals Ozweego (FY2023),,,38,539,02.06.2024,SF1636009455352,FALSE,Pick up,14.06.2024,,,,,,
36,Adidas Originals Ozweego (FY2023),,,38 2/3,519,01.06.2024,SF1643357432810,FALSE,Pick up,14.06.2024,,,,,,
37,Adidas Originals Ozweego (FY2023),,,39 1/3,509,02.06.2024,SF3108561240368,FALSE,Pick up,19.06.2024,,,,,,
38,Adidas Originals Ozweego (FY2023),,,40,609,01.06.2024,SF1394060995467,FALSE,Pick up,14.06.2024,,,,,,
39,Adidas Originals Ozweego (FY2023),,,41 1/3,529,,SF1673804649749,FALSE,Pick up,19.06.2024,,,,,,
40,Adidas Originals Ozweego (FY2023),,,42,589,05.06.2024,SF1646547823809,FALSE,Pick up,14.06.2024,,,,,,
41,Adidas Originals Ozweego (FY2023),,,43 1/3,549,,SF1610876926415,FALSE,Pick up,19.06.2024,,,,,,
42,Adidas Originals Ozweego (FY2023),,,44,579,05.06.2024,SF1628513897782,FALSE,Pick up,14.06.2024,,,,,,
43,Adidas Originals Ozweego (FY2023),,,44 2/3,599,,SF3112180816474,FALSE,Pick up,26.06.2024,,,,,,
44,Adidas Ozweego Meta White (GW3958),,,38,349,07.06.2024,73524934609986,FALSE,Pick up,21.06.2024,,,,,,
45,Adidas Ozweego Meta White (GW3958),,,"38,5",409,09.06.2024,SF1697663210853,FALSE,Pick up,21.06.2024,,,,,,
46,Adidas Ozweego Meta White (GW3958),,,39,409,09.06.2024,SF3125716279642,FALSE,Pick up,26.06.2024,,,,,,
47,Adidas Ozweego Meta White (GW3958),,,40,419,12.06.2024,SF1637468795187,FALSE,Pick up,28.06.2024,,,,,,
48,Adidas Ozweego Meta White (GW3958),,,41,359,07.06.2024,SF3106064481365,FALSE,Pick up,21.06.2024,,,,,,
49,Adidas Ozweego Meta White (GW3958),,,42,429,09.06.2024,73525032101891,FALSE,Pick up,21.06.2024,,,,,,
50,Adidas Ozweego Meta White (GW3958),,,43,429,10.06.2024,SF1687724564560,FALSE,Pick up,26.06.2024,,,,,,
51,Adidas Ozweego Meta White (GW3958),,,44,419,10.06.2024,SF1662560870323,FALSE,Pick up,,,,,,,
52,Adidas Spezial Green (IE5896),,,37,559,06.06.2024,SF1632645725828,FALSE,Pick up,20.06.2024,,,,,,
53,Adidas Spezial Green (IE5896),,,38,599,07.06.2024,SF3106064481365,FALSE,Pick up,21.06.2024,,,,,,
54,Adidas Spezial Green (IE5896),,,"38,5",679,06.06.2024,SF1673877290707,FALSE,Pick up,21.06.2024,,,,,,
55,Adidas Spezial Green (IE5896),,,39,649,14.06.2024,SF1383717713751,FALSE,Pick up,,,,,,,
56,New Balance 530 silver blue ,,,38,558,11.06.2024,,FALSE,Not processed,,,,,,,
57,Asics NYC Green,,,42,684,14.06.2024,SF1695967012454,FALSE,Pick up,,,,,,,
58,Asics NYC Green,,,"42,5",749,14.06.2024,SF1623542074060,FALSE,Pick up,,,,,,,
59,Asics NYC Green,,,"43,5",769,14.06.2024,SF1656456991219,FALSE,Pick up,,,,,,,
60,Asics NYC Green,,,44,789,13.06.2024,SF1662577509285,FALSE,Pick up,26.06.2024,,,,,,
61,Puma Nitro Grey ,,,"38,5",339,11.06.2024,73525183533898,FALSE,Pick up,,,,,,,
62,Nike v2k run white metalic,,,"37,5",519,11.06.2024,SF1653056916224,FALSE,Pick up,,,,,,,
63,Nike v2k run white metalic,,,38,527,11.06.2024,SF1651356236209,FALSE,Pick up,,,,,,,
64,Nike v2k run white metalic,,,"38,5",519,12.06.2024,SF1643994418831,FALSE,Pick up,,,,,,,
65,Nike v2k run white metalic,,,39,469,12.06.2024,SF1394064612882,FALSE,Pick up,,,,,,,
66,Nike v2k run white metalic,,,40,459,11.06.2024,SF3114768238378,FALSE,Pick up,,,,,,,
67,Nike v2k run white metalic,,,41,459,11.06.2024,SF3114768238378,FALSE,Pick up,,,,,,,
68,New Balance 2002r white creem/green,,,42,589,12.06.2024,SF1647654508812,FALSE,Pick up,,,,,,,
69,New Balance 2002r white creem/green,,,43,644,11.06.2024,SF1653056916224,FALSE,Pick up,,,,,,,
70,New Balance 2002r white creem/green,,,44,669,12.06.2024,SF1634762915497,FALSE,Pick up,,,,,,,
71,New Balance 452 white,,,"37,5",299,14.06.2024,SF1623533199786,FALSE,Pick up,,,,,,,
72,Nike V2K Run green,FD0736-101,,40,499,22.06.2024,SF1386380854652,FALSE,Pick up,03.07.2024,,,,,,
73,Nike V2K Run green,FD0736-101,,39,449,22.06.2024,SF1625595878135,FALSE,Pick up,05.07.2024,,,,,,
74,Nike V2K Run green,FD0736-101,,"38,5",469,19.06.2024,SF1652250093844,FALSE,Pick up,03.07.2024,,,,,,
75,Nike V2K Run green,FD0736-101,,38,399,19.06.2024,SF1652250093844,FALSE,Pick up,03.07.2024,,,,,,
76,Nike V2K Run green,FD0736-101,,"37,5",399,19.06.2024,73525688783726,FALSE,Pick up,04.07.2024,,,,,,
77,New Balance 1906R urbancore,M1906RP,,37,599,23.06.2024,SF3108712566831,FALSE,Pick up,03.07.2024,,,,,,
78,New Balance 1906R urbancore,M1906RP,,"37,5",639,19.06.2024,SF1652250093844,FALSE,Pick up,03.07.2024,,,,,,
79,New Balance 1906R urbancore,M1906RP,,38,599,23.06.2024,SF3114242851974,FALSE,Pick up,03.07.2024,,,,,,
80,New Balance 1906R urbancore,M1906RP,,"38,5",649,19.06.2024,SF3101402366738,FALSE,Pick up,03.07.2024,,,,,,
82,New Balance 1906R urbancore,M1906RP,,"39,5",609,21.06.2024,SF3114158379093,FALSE,Pick up,05.07.2024,,,,,,
83,New Balance 1906R urbancore,M1906RP,,40,609,25.06.2024,SF1611617902475,TRUE,Pick up,23.07.2024,,,,,,
84,New Balance 1906R urbancore,M1906RP,,"41,5",619,25.06.2024,SF3132627826739,FALSE,Pick up,05.07.2024,,,,,,
85,New Balance 1906R urbancore,M1906RP,,42,609,21.06.2024,SF3114158379093,FALSE,Pick up,05.07.2024,,,,,,
86,New Balance 1906R urbancore,M1906RP,,43,629,21.06.2024,SF3114158379093,FALSE,Pick up,05.07.2024,,,,,,
87,New Balance 1906R urbancore,M1906RP,,44,629,25.06.2024,SF1693037357155,TRUE,Pick up,30.07.2024,,,,,,
88,New Balance 1906R urbancore,M1906RP,,45,639,21.06.2024,SF1672805317210,FALSE,Pick up,05.07.2024,,,,,,
89,New Balance 3205 голубые,SDL3205T,,"37,5",299,25.06.2024,73525915319023,FALSE,Pick up,05.07.2024,,,,,,
90,New Balance 3205 розовые ,SD3205PPC,,"37,5",289,24.06.2024,SF1394138667655,FALSE,Pick up,08.07.2024,,,,,,
91,New Balance 3205 розовые,SD3205PPC,,"38,5",278,21.06.2024,SF3136240421230,FALSE,Pick up,05.07.2024,,,,,,
92,New Balance 3205 розовые,SD3205PPC,,40,188,24.06.2024,73525953849316,FALSE,Pick up,05.07.2024,,,,,,
93,New Balance 3205 бежевые,SDL3205A,,"37,5",276,21.06.2024,SF1661537405423,FALSE,Pick up,05.07.2024,,,,,,
94,New Balance 3205 бежевые,SDL3205A,,"38,5",299,19.06.2024,SF1636280725725,FALSE,Pick up,04.07.2024,,,,,,
95,New Balance 3205 бежевые,SDL3205A,,40,319,19.06.2024,SF1636280725725,FALSE,Pick up,04.07.2024,,,,,,
96,New Balance 3205 бежевые,SDL3205A,,"41,5",309,24.06.2024,SF1672898836579,FALSE,Pick up,05.07.2024,,,,,,
97,New Balance 3205 бежевые,SDL3205A,,"42,5",319,21.06.2024,73525849100508,FALSE,Pick up,05.07.2024,,,,,,
98,New Balance 3205 бежевые,SDL3205A,,44,329,24.06.2024,SF1646348512885,FALSE,Pick up,05.07.2024,,,,,,
99,New Balance NCLAY бежевые,SUFNCLAY,,"37,5",239,21.06.2024,73525858238593,FALSE,Pick up,05.07.2024,,,,,,
100,New Balance NCLAY бежевые,SUFNCLAY,,"38,5",242,21.06.2024,73525858238593,FALSE,Pick up,05.07.2024,,,,,,
101,New Balance NCLAY бежевые,SUFNCLAY,,40,268,20.06.2024,SF1661558479597,FALSE,Pick up,04.07.2024,,,,,,
102,New Balance NCLAY белые,SUFNCLAW,,"38,5",177,23.06.2024,73525859809589,FALSE,Pick up,05.07.2024,,,,,,
103,New Balance 725 Gray ,ML725P,,"41,5",469,23.06.2024,73525987557156,FALSE,Pick up,08.07.2024,,,,,,
104,New Balance 725 Gray ,ML725P,,"42,5",469,21.06.2024,SF3129816953744,FALSE,Pick up,05.07.2024,,,,,,
105,New Balance 725 Gray ,ML725P,,43,479,21.06.2024,SF3129816953744,FALSE,Pick up,05.07.2024,,,,,,
106,New Balance 725 Gray ,ML725P,,44,479,24.06.2024,SF3104659062232,FALSE,Pick up,08.07.2024,,,,,,
107,New Balance 725 Gray ,ML725P,,"44,5",519,25.06.2024,SF1678830178957,FALSE,Pick up,08.07.2024,,,,,,
108,New Balance 725 Niko,ML725NK1,,38,389,23.06.2024,SF1644148592884,FALSE,Pick up,08.07.2024,,,,,,
109,Asics   1130 Black/ White ,1201A256-118,,"37,5",539,24.06.2024,SF3137723627830,FALSE,Pick up,08.07.2024,,,,,,
110,Asics   1130 Black/ White ,1201A256-118,,38,559,24.06.2024,SF1672845805390,FALSE,Pick up,08.07.2024,,,,,,
111,Asics   1130 Black/ White ,1201A256-118,,39,539,24.06.2024,SF3137838127035,FALSE,Pick up,08.07.2024,,,,,,
112,Asics   1130 Black/ White ,1201A256-118,,"41,5",559,24.06.2024,SF1691520854455,FALSE,Pick up,08.07.2024,,,,,,
113,Asics   1130 Black/ White ,1201A256-118,,"42,5",539,23.06.2024,SF1644148592884,FALSE,Pick up,08.07.2024,,,,,,
114,Asics   1130 Black/ White ,1201A256-118,,44,559,24.06.2024,SF1387939153054,FALSE,Pick up,08.07.2024,,,,,,
115,Asics 1090 Beije,1203A243-028,,37,439,23.06.2024,73525987557156,FALSE,Pick up,08.07.2024,,,,,,
116,Asics 1090 Beije,1203A243-028,,38,479,27.06.2024,SF1661596544382,FALSE,Pick up,08.07.2024,,,,,,
117,Asics 1090 Beije,1203A243-028,,39,479,27.06.2024,SF1663547720501,FALSE,Pick up,08.07.2024,,,,,,
118,Asics 1090 Beije,1203A243-028,,"39,5",459,23.06.2024,SF1672851275858,FALSE,Pick up,08.07.2024,,,,,,
119,Nike V2K run silver-black ,HJ4497-100,,45,519,27.06.2024,SF3108326939639,FALSE,Pick up,11.07.2024,,,,,,
120,Nike V2K run silver-black ,HJ4497-001,,44,499,25.06.2024,SF1698988853752,FALSE,Pick up,10.07.2024,,,,,,
121,Nike V2K run total black ,HJ4497-001,,43,489,25.06.2024,SF1678810708985,FALSE,Pick up,10.07.2024,,,,,,
122,Nike V2K run total black ,HJ4497-001,,42,459,25.06.2024,SF1698988853752,FALSE,Pick up,10.07.2024,,,,,,
123,Nike V2K run total black ,HJ4497-001,,41,449,25.06.2024,SF1698988853752,FALSE,Pick up,10.07.2024,,,,,,
124,Reebok Royal Bridge 4,GW3263,,"37,5",239,30.06.2024,SF1396737172350,FALSE,Pick up,12.06.2024,,,,,,
125,Reebok Royal Bridge 4,GW3263,,"38,5",179,01.07.2024,73526382681163,FALSE,Pick up,12.06.2024,,,,,,
126,Reebok Royal Bridge 4,GW3263,,39,265,28.06.2024,73526308869615,FALSE,Pick up,12.06.2024,,,,,,
127,Reebok Royal Bridge 4,GW3263,,"40,5",255,03.07.2024,SF1657855488331,FALSE,Pick up,15.07.2024,,,,,,
128,Reebok Royal Bridge 4,GW3263,,41,259,28.06.2024,SF3132676095237,FALSE,Pick up,12.06.2024,,,,,,
129,Reebok Royal Bridge 4,GW3263,,"42,5",349,01.07.2024,SF1657855499310,FALSE,Pick up,15.07.2024,,,,,,
130,Reebok Royal Bridge 4,GW3263,,43,349,01.07.2024,SF3125910845300,FALSE,Pick up,15.07.2024,,,,,,
131,Reebok Royal Hyperium 2,GZ4185,,41,225,28.06.2024,SF3125911930453,FALSE,Pick up,12.06.2024,,,,,,
132,Reebok Royal Hyperium 2,GZ4185,,42,215,02.07.2024,SF1665507916445,FALSE,Pick up,15.07.2024,,,,,,
133,Reebok Royal Hyperium 2,GZ4185,,"42,5",215,02.07.2024,SF1636610455302,FALSE,Pick up,15.07.2024,,,,,,
134,Reebok Royal Hyperium 2,GZ4185,,43,215,02.07.2024,SF1656051897328,FALSE,Pick up,15.07.2024,,,,,,
135,Reebok Royal Hyperium 2,GZ4185,,44,225,28.06.2024,SF1653355841152,FALSE,Pick up,12.06.2024,,,,,,
136,Reebok Royal Hyperium 2,GZ4185,,"44,5",309,30.06.2024,SF1392132519307,FALSE,Pick up,12.06.2024,,,,,,
137,Asics GT2160,1203A275-104,,45,599,28.06.2025,SF1650459180333,FALSE,Pick up,12.06.2024,,,,,,
138,Asics GT2160,1203A275-104,,44,609,01.07.2024,SF1665540428019,FALSE,Pick up,15.07.2024,,,,,,
139,Asics GT2160,1203A275-104,,"43,5",549,28.06.2024,SF1650459180333,FALSE,Pick up,12.06.2024,,,,,,
140,Asics GT2160,1203A275-104,,42,499,28.06.2024,SF1650459180333,FALSE,Pick up,12.06.2024,,,,,,
141,Asics GT2160,1203A275-104,,"41,5",479,29.06.2024,SF3119774498795,FALSE,Pick up,12.06.2024,,,,,,
142,Asics GT2160,1203A275-104,,40,459,29.06.2024,SF3122319279426,FALSE,Pick up,12.06.2024,,,,,,
143,Asics GT2160,1203A275-104,,"39,5",479,03.07.2024,SF1657651464375,FALSE,Pick up,15.07.2024,,,,,,
144,Asics GT2160,1203A275-104,,39,529,30.06.2024,SF1633510165149,FALSE,Pick up,15.07.2024,,,,,,
145,Asics GT2160,1203A275-104,,38,479,29.06.2024,SF3119774498795,FALSE,Pick up,12.06.2024,,,,,,
146,Asics GT2160,1203A275-104,,"37,5",469,02.07.2024,SF3118423707792,FALSE,Pick up,12.06.2024,,,,,,
147,Asics GT2160,1203A275-104,,37,469,29.06.2024,SF3119774498795,FALSE,Pick up,12.06.2024,,,,,,
148,Nike Air Monarch 4 White Navy,415445-102,,45,359,01.07.2024,SF3125114724340,FALSE,Pick up,15.07.2024,,,,,,
149,Nike Air Monarch 4 White Navy,415445-102,,46,359,01.07.2024,SF3130631907037,FALSE,Pick up,15.07.2024,,,,,,
150,puma milenio low white silver,380510-05,,45,359,02.07.2024,73526711613242,FALSE,Pick up,18.07.2024,,,,,,
151,puma milenio low white silver,380510-05,,44,265,08.07.2024,73526847560857,FALSE,Pick up,19.07.2024,,,,,,
152,puma milenio low white silver,380510-05,,43,267,04.07.2024,73526700151026,FALSE,Pick up,18.07.2024,,,,,,
153,puma milenio low white silver,380510-05,,42,254,02.07.2024,73526711613242,FALSE,Pick up,18.07.2024,,,,,,
154,puma milenio low white silver,380510-05,,41,233,02.07.2024,73526711613242,FALSE,Pick up,18.07.2024,,,,,,
155,New Balance NB Pro Court silver N,PROCTCAA,,38,299,11.07.2024,SF1397632014060,FALSE,Pick up,23.07.2024,,,,,,
156,New Balance NB Pro Court silver N,PROCTCAA,,"39,5",283,11.07.2024,SF3135935067737,FALSE,Pick up,22.07.2024,,,,,,
157,New Balance NB Pro Court silver N,PROCTCAA,,43,359,06.07.2024,73526815205409,FALSE,Pick up,19.07.2024,,,,,,
158,New Balance NB Pro Court silver N,PROCTCAA,,45,379,04.07.2024,73526831243760,FALSE,Pick up,19.07.2024,,,,,,
159,New Balance NB Pro Court green N,PROCTCCG,,37,309,04.07.2024,73526837518983,FALSE,Pick up,19.07.2024,,,,,,
160,New Balance NB Pro Court green N,PROCTCCG,,"37,5",319,04.07.2024,73526831243760,FALSE,Pick up,19.07.2024,,,,,,
161,New Balance NB Pro Court green N,PROCTCCG,,"38,5",319,04.07.2024,73526837518983,FALSE,Pick up,19.07.2024,,,,,,
162,New Balance NB Pro Court green N,PROCTCCG,,"39,5",329,06.07.2024,73526842401271,FALSE,Pick up,19.07.2024,,,,,,
163,New Balance NB Pro Court green N,PROCTCCG,,40,329,06.07.2024,SF3119321246896,TRUE,Pick up,23.07.2024,,,,,,
164,New Balance NB Pro Court green N,PROCTCCG,,"41,5",339,06.07.2024,SF3119321246896,TRUE,Pick up,23.07.2024,,,,,,
165,New Balance NB Pro Court green N,PROCTCCG,,42,329,04.07.2024,73526832706606,FALSE,Pick up,19.07.2024,,,,,,
166,New Balance NB Pro Court green N,PROCTCCG,,44,339,06.07.2024,73526828357978,FALSE,Pick up,19.07.2024,,,,,,
167,New Balance NB Pro Court green N,PROCTCCG,,45,359,04.07.2024,73526831243760,FALSE,Pick up,19.07.2024,,,,,,
168,"Nike Dunk Retro ""Black""",DD1391-100,,44,529,06.07.2024,SF1394733482011,FALSE,Pick up,19.07.2024,,,,,,
169,"Nike Dunk Retro ""Black""",DD1391-100,,45,559,10.07.2024,SF3108585591436,FALSE,Pick up,22.07.2024,,,,,,
170,"Nike Dunk Retro ""Black""",DD1391-100,,46,569,06.07.2024,SF1394733482011,FALSE,Pick up,19.07.2024,,,,,,
171,"Nike Dunk Low Retro ""Court Purple""",DD1391-104,,41,419,11.07.2024,SF3118685467397,FALSE,Pick up,22.07.2024,,,,,,
172,"Nike Dunk Low Retro ""Court Purple""",DD1391-104,,42,419,11.07.2024,SF3129519760207,FALSE,Pick up,22.07.2024,,,,,,
173,"Nike Dunk Low Retro ""Court Purple""",DD1391-104,,"42,5",419,11.07.2024,SF3114853267299,FALSE,Pick up,22.07.2024,,,,,,
174,Nike P-6000 black ,FQ8732-010,,41,419,04.07.2024,73526831028273,FALSE,Pick up,19.07.2024,,,,,,
175,Nike P-6000 black ,FQ8732-010,,42,429,09.07.2024,73526920536463,FALSE,Pick up,19.07.2024,,,,,,
176,Nike P-6000 black ,FQ8732-010,,43,469,06.07.2024,73526834963977,FALSE,Pick up,19.07.2024,,,,,,
177,Nike P-6000 white ,HJ3488-001,,44,479,09.07.2024,73526945050567,FALSE,Pick up,22.07.2024,,,,,,
178,Nike P-6000 white ,HJ3488-001,,45,519,04.07.2024,SF1639959275458,FALSE,Pick up,19.07.2024,,,,,,
179,Nike REVOLUTION 7 black,FB2207-001,,43,284,11.07.2024,73527137349773,FALSE,Pick up,26.07.2024,,,,,,
180,Nike REVOLUTION 7 black,FB2207-001,,44,288,11.07.2024,73527130975914,FALSE,Pick up,26.07.2024,,,,,,
181,Nike REVOLUTION 7 black,FB2207-001,,45,309,11.07.2024,73527115219442,FALSE,Pick up,25.07.2024,,,,,,
182,Nike REVOLUTION 7 total black,FB8501-001,,43,329,15.07.2024,YT2511466195942,FALSE,Pick up,26.07.2024,,,,,,
183,Nike REVOLUTION 7 total black,FB8501-001,,44,319,10.07.2024,73527135324535,FALSE,Pick up,24.07.2024,,,,,,
184,Nike REVOLUTION 7 total black,FB8501-001,,45,339,11.07.2024,SF3100733079933,FALSE,Pick up,25.07.2024,,,,,,
185,New Balance 2002r gray,ML2002R0,,38,599,13.07.2024,SF3105683174535,FALSE,Pick up,26.07.2024,,,,,,
186,New Balance 2002r gray,ML2002R0,,"39,5",609,12.07.2024,SF3124212050883,FALSE,Pick up,26.07.2024,,,,,,
187,New Balance 2002r gray,ML2002R0,,40,599,13.07.2024,SF3138843056139,FALSE,Pick up,26.07.2024,,,,,,
188,New Balance 2002r white creem/green,M2002REK,,"41,5",639,12.07.2024,SF1397635566771,FALSE,Pick up,26.07.2024,,,,,,
189,New Balance 2002r white creem/green,M2002REK,,42,619,12.07.2024,SF3134229651633,FALSE,Pick up,26.07.2024,,,,,,
190,New Balance 2002r white creem/green,M2002REK,,43,659,12.07.2024,SF3108518179936,FALSE,Pick up,25.07.2024,,,,,,
191,Asics GEL-NYC green,1203A383-002,,"41,5",699,15.07.2024,SF3125606065182,FALSE,Pick up,26.07.2024,,,,,,
192,Asics GEL-NYC green,1203A383-002,,42,709,15.07.2024,SF3101844923032,FALSE,Pick up,26.07.2024,,,,,,
193,Asics GEL-NYC gray,1203A383-101,,"43,5",689,15.07.2024,SF3122306973156,FALSE,Pick up,26.07.2024,,,,,,
194,Asics GEL-NYC gray,1203A383-101,,44,709,13.07.2024,SF3135569656833,FALSE,Pick up,26.07.2024,,,,,,
195,Asics GEL-NYC gray,1203A383-101,,45,789,13.07.2024,SF3129612915897,FALSE,Pick up,26.07.2024,,,,,,
196,Vans Ward red,VN0A3IUNBOP,,37,260,12.07.2024,73527184198003,FALSE,Pick up,26.07.2024,,,,,,
197,Vans Ward red,VN0A3IUNBOP,,38,289,12.07.2024,73527199845815,FALSE,Pick up,26.07.2024,,,,,,
198,Vans Ward red,VN0A3IUNBOP,,"38,5",255,12.07.2024,73527184198003,FALSE,Pick up,26.07.2024,,,,,,
199,Vans Ward red,VN0A3IUNBOP,,39,258,12.07.2024,73527187278375,FALSE,Pick up,26.07.2024,,,,,,
200,Vans Ward red,VN0A3IUNBOP,,40,282,15.07.2024,73527413607845,FALSE,Pick up,26.07.2024,,,,,,
201,Vans Old Skool Black,VN000D3HY28,,41,349,11.07.2024,73527199548523,FALSE,Pick up,25.07.2024,,,,,,
202,Vans Old Skool Black,VN000D3HY28,,42,329,11.07.2024,73527199845815,FALSE,Pick up,26.07.2024,,,,,,
203,Vans Old Skool Black,VN000D3HY28,,43,359,11.07.2024,73527179005096,FALSE,Pick up,25.07.2024,,,,,,
204,Vans Old Skool Black,VN000D3HY28,,44,389,11.07.2024,73527199845815,FALSE,Pick up,26.07.2024,,,,,,
205,Vans Old Skool Black,VN000D3HY28,,45,359,11.07.2024,73527199845815,FALSE,Pick up,26.07.2024,,,,,,
206,Vans Old Skool Black,VN000D3HY28,,46,379,11.07.2024,73527199548523,FALSE,Pick up,25.07.2024,,,,,,
207,Nike V2K Run pink,FN6703-001,,"38,5",389,15.07.2024,SF3124209514168,FALSE,Pick up,26.07.2024,,,,,,
208,Nike V2K Run pink,FN6703-001,,40,389,12.07.2024,73527185024016,FALSE,Pick up,26.07.2024,,,,,,
209,Nike Court Royale Ac,BQ4222-103,,"42,5",187,17.07.2024,73527449619166,FALSE,Pick up,01.08.2024,,,,,,
210,Nike Court Royale Ac,BQ4222-103,,45,204,16.07.2024,73527433861421,FALSE,Pick up,30.07.2024,,,,,,
211,Nike Court Royale Ac,BQ4222-103,,46,200,15.07.2024,73527440394619,FALSE,Pick up,29.07.2024,,,,,,
212,Adidas neo VI Court (стандарт),ID6015,,38,309,15.07.2024,73527438316303,FALSE,Pick up,29.07.2024,,,,,,
213,Adidas neo VI Court (стандарт),ID6015,,"39,5",299,16.07.2024,73527427799118,FALSE,Pick up,30.07.2024,,,,,,
214,Adidas neo (коричневые),ID6016,,40,279,15.07.2024,73527429646124,FALSE,Pick up,30.07.2024,,,,,,
215,Adidas neo (коричневые),ID6016,,42,288,15.07.2024,73527427343250,FALSE,Pick up,29.07.2024,,,,,,
216,Puma Retro Prep,389404-02,,40,225,17.07.2024,73527439650035,FALSE,Pick up,29.07.2024,,,,,,
217,Puma Retro Prep,389404-02,,41,229,15.07.2024,73527433365098,FALSE,Pick up,29.07.2024,,,,,,
218,Puma Rebound v6,392328-01,,"40,5",235,16.07.2024,73527434058097,FALSE,Pick up,30.07.2024,,,,,,
219,Puma Rebound v6,392328-01,,"42,5",220,15.07.2024,73527433365098,FALSE,Pick up,29.07.2024,,,,,,
220,Puma Rebound v6,392328-01,,44,248,15.07.2024,73527454735979,FALSE,Pick up,30.07.2024,,,,,,
221,Adidas Neo VI Court Classic (голубые),JH5063,,"37,5",319,15.07.2024,73527433365098,FALSE,Pick up,29.07.2024,,,,,,
222,Adidas Neo VI Court Classic (голубые),JH5063,,"41,5",288,16.07.2024,73527434058097,FALSE,Pick up,30.07.2024,,,,,,
223,Nike Court Borough Low,DV5456-105,,39,290,16.07.2024,73527434058097,FALSE,Pick up,30.07.2024,,,,,,
224,Converse All Star,101001C,,38,258,15.07.2024,73527433365098,FALSE,Pick up,29.07.2024,,,,,,
225,Converse All Star,101001C,,42,267,16.07.2024,73527447474556,FALSE,Pick up,30.07.2024,,,,,,
226,adidas  Harden Stepback 3,GY8630,,44,237,15.07.2024,73527454735979,FALSE,Pick up,30.07.2024,,,,,,
227,adidas  Harden Stepback 3,GY8630,,"45,5",251,16.07.2024,73527434058097,FALSE,Pick up,30.07.2024,,,,,,
228,adidas  Harden Stepback 3,GY8630,,46,258,16.07.2024,73527447474556,FALSE,Pick up,30.07.2024,,,,,,
229,MCYS＆JPN сумка,MCYS908,,-,49,16.07.2024,73527425917490,FALSE,Pick up,30.07.2024,,,,,,
230,New Balance 530 (MR530SG),MR530SG,,38.5,599,09.08.2024,SF3114576025107,FALSE,Pick up,23.08.2024,,,,,,
231,New Balance 530 (MR530SG),MR530SG,,39.5,589,09.08.2024,SF3126768238176,FALSE,Pick up,23.08.2024,,,,,,
232,adidas Court Vl Classic,JI0496,,38,359,04.09.2024,73530562907166,FALSE,Pick up,18.08.2024,,,,,,
233,adidas Court Vl Classic,JI0496,,39,359,04.09.2024,73530587317575,FALSE,Pick up,19.09.2024,,,,,,
234,adidas originals Stadt,JI1880,,44,319,05.09.2024,73530565825993,FALSE,Pick up,19.09.2024,,,,,,
235,adidas originals Stadt,JI1880,,43,339,05.09.2024,73530606057216,FALSE,Pick up,19.09.2024,,,,,,
236,adidas VL COURT 2.0,JR2560,,40,319,04.09.2024,73530561365077,FALSE,Pick up,19.09.2024,,,,,,
237,adidas VL COURT 2.0,JR2560,,39,309,04.09.2024,73530587317575,FALSE,Pick up,19.09.2024,,,,,,
238,adidas  Court  Vl,IF7108,,38,292,05.09.2024,73530565978518,FALSE,Pick up,19.09.2024,,,,,,
239,adidas  Court  Vl,IF7108,,41,277,07.09.2024,73530589571008,FALSE,Pick up,19.09.2024,,,,,,
240,adidas originals Stadt,JI1883,,43,339,08.09.2024,73531155753790,FALSE,Pick up,27.09.2024,,,,,,
241,adidas originals Stadt,JI1883,,44,369,08.09.2024,73531155753790,FALSE,Pick up,27.09.2024,,,,,,
242,adidas neo Vl Court 3.0,IH4789,,39,309,07.09.2024,73530708655184,FALSE,Pick up,20.09.2024,,,,,,
243,adidas neo VL Court 2.0,ID6016,,39,389,03.09.2024,73530575455538,FALSE,Pick up,19.09.2024,,,,,,
244,adidas neo VL Court 2.0,ID6016,,42,349,03.09.2024,73530575455538,FALSE,Pick up,19.09.2024,,,,,,
245,adidas originals Stadt,JI1886,,"38,5",399,05.09.2024,73530565978518,FALSE,Pick up,19.09.2024,,,,,,
246,adidas originals Stadt,JI1886,,40,349,03.09.2024,73530579737899,FALSE,Pick up,19.09.2024,,,,,,
247,New Balance NB Ct20,CT20LM1,,"38,5",309,03.09.2024,73530575455538,FALSE,Pick up,19.09.2024,,,,,,
248,New Balance NB Ct20,CT20LM1,,"40,5",309,03.09.2024,73530575455538,FALSE,Pick up,19.09.2024,,,,,,
249,New Balance NB Ct20,CT20LM1,71472,42,298,10.09.2024,73530811550694,FALSE,Pick up,20.09.2024,,,,,,
250,New Balance NB Ct20,CT20LM1,,43,286,05.09.2024,73530569764630,FALSE,Pick up,19.09.2024,,,,,,
251,New Balance NB Ct20,CT20LM1,,45,297,03.09.2024,73530575455538,FALSE,Pick up,19.09.2024,,,,,,
252,Nike Court vision ,DH2987-002,,44,399,09.09.2024,SF3131584744999,FALSE,Pick up,20.09.2024,,,,,,
253,Nike Court vision ,DH2987-002,,45,419,08.09.2024,73530648772777,FALSE,Pick up,20.09.2024,,,,,,
254,PUMA Club Retro Prep,389404-02,4006219,38,283,09.09.2024,73530817689902,FALSE,Pick up,20.09.2024,,,,,,
255,PUMA Club Retro Prep,389404-02,4006219,40,267,09.09.2024,73530818026977,FALSE,Pick up,20.09.2024,,,,,,
256,PUMA Club Retro Prep,389404-02,,42,268,03.09.2024,73530579737899,FALSE,Pick up,19.09.2024,,,,,,
257,"New Balance 610T ""urbancore""",ML610TF,,38,399,03.09.2024,73530566199047,FALSE,Pick up,19.09.2024,,,,,,
258,Nike  Tech  Hera,FJ9532-200,,45,339,06.09.2024,73530640017146,FALSE,Pick up,20.09.2024,,,,,,
259,Reebok Royal Techque T,HR0902,,44,175,06.09.2024,SF3125295749071,FALSE,Pick up,20.09.2024,,,,,,
260,Reebok Royal Techque T,HR0902,,42,175,07.09.2024,772031012024624,FALSE,Pick up,20.09.2024,,,,,,
261,Reebok Royal Techque T,HR0902,,"38,5",175,06.09.2024,SF3106868542509,FALSE,Pick up,20.09.2024,,,,,,
262,Nike Court Vision Mid,DR7882-002,,44,399,04.09.2024,73530647118914,FALSE,Pick up,20.09.2024,,,,,,
263,Nike Court Vision Mid,DR7882-002,3438787,42,286,08.09.2024,SF1390300695800,FALSE,Pick up,20.09.2024,,,,,,
264,Nike Court Vision 1,FD0320-133,,45,349,06.09.2024,73530640508794,FALSE,Pick up,20.09.2024,,,,,,
265,Nike Court Vision 1,FD0320-133,,44,319,06.09.2024,73530640017146,FALSE,Pick up,20.09.2024,,,,,,
266,Nike Court Vision 1,HF1068-133,,43,309,04.09.2024,73530633382779,FALSE,Pick up,20.09.2024,,,,,,
267,Nike Court Vision Nm,FJ2767-400,,38,309,06.09.2024,SF3130606546592,FALSE,Pick up,20.09.2024,,,,,,
268,Nike Court Vision Nm,FJ2767-400,,40,369,06.09.2024,73530640508794,FALSE,Pick up,20.09.2024,,,,,,
269,Nike Court Vision Nm,DH3158-004,,38,389,06.09.2024,73530652624161,FALSE,Pick up,20.09.2024,,,,,,
270,Nike Court Vision Nm,DH3158-004,,39,399,06.09.2024,73530720316900,FALSE,Pick up,20.09.2024,,,,,,
271,Puma King 21T,106696-02,8176902,42,319,10.09.2024,73530822769372,FALSE,Pick up,20.09.2024,,,,,,
272,Adidas VS Jog 2.0,JI2434,,39,248,06.09.2024,73530640508794,FALSE,Pick up,20.09.2024,,,,,,
273,adidas neo VL Court 2.0,ID6015,,38,329,05.09.2024,73530647961757,FALSE,Pick up,20.09.2024,,,,,,
274,adidas neo VL Court 2.0,ID6015,,39,329,05.09.2024,73530647961757,FALSE,Pick up,20.09.2024,,,,,,
275,Nike M2K Tekno,AO3108-006,,38,419,05.09.2024,73530642108167,FALSE,Pick up,19.09.2024,,,,,,
276,Nike M2K Tekno,AO3108-006,,39,419,05.09.2024,73530647961757,FALSE,Pick up,20.09.2024,,,,,,
277,Nike M2K Tekno,AO3108-006,,40,429,05.09.2024,73530647961757,FALSE,Pick up,20.09.2024,,,,,,
278,Nike M2K Tekno,AV4789-007,,44,419,05.09.2024,73530647961757,FALSE,Pick up,20.09.2024,,,,,,
279,Nike M2K Tekno SP,BV0074-001,,"42,5",439,05.09.2024,73530648163667,FALSE,Pick up,20.09.2024,,,,,,
280,Nike M2K Tekno SP,BV0074-001,,44,429,06.09.2024,73530655923785,FALSE,Pick up,20.09.2024,,,,,,
281,PUMA Club Retro Prep,389404-02,4006219,43,273,15.09.2024,73531194744770,FALSE,Pick up,27.09.2024,,,,,,
282,Asics Gel-170TR,1203A175-100,,39,369,13.09.2024,SF3135259102906,FALSE,Pick up,30.09.2024,,,,,,
283,Asics Gel-170TR,1203A213-100,," 39,5",349,14.09.2024,73531280279781,FALSE,Pick up,27.09.2024,,,,,,
284,Asics    Gel-170 ,1203A213-020,2444881,38,379,10.09.2024,73531013393366,FALSE,Pick up,25.09.2024,,,,,,
285,Asics    Gel-170 ,1203A213-020,2444881,40,379,11.09.2024,SF3112420036049,FALSE,Pick up,25.09.2024,,,,,,
286,"New Balance 610T ""urbancore"" беж",ML610TF,3859493,"39,5",439,14.09.2024,SF3139872196402,FALSE,Pick up,27.09.2024,,,,,,
287,"New Balance 610T ""urbancore"" беж",ML610TF,3859493,43,459,10.09.2024,73531013393366,FALSE,Pick up,25.09.2024,,,,,,
288,"New Balance 610T ""urbancore""",ML610TE,3859493,42,459,14.09.2024,73531124815896,FALSE,Pick up,27.09.2024,,,,,,
289,"New Balance 610T ""urbancore""",ML610TE,3859493,41,449,11.09.2024,SF1397499771648,FALSE,Pick up,26.09.2024,,,,,,
290,"Nike Dunk Low Retro ""Varsity Green""",DD1391-101,8356699,"42,5",449,11.09.2024,73531018781939,FALSE,Pick up,25.09.2024,,,,,,
291,"Nike Dunk Low Retro ""Varsity Green""",DD1391-101,8356699,44,469,11.08.2024,73531019530786,FALSE,Pick up,25.09.2024,,,,,,
292,"Nike Dunk ""Surfaces In Brown And Sail""",DD1503-124,8356699,38,489,11.09.2024,SF3107078954493,FALSE,Pick up,26.09.2024,,,,,,
293,"Nike Dunk ""Surfaces In Brown And Sail""",DD1503-124,8356699,39,509,11.09.2024,SF3117863631443,FALSE,Pick up,25.09.2024,,,,,,
294,"Nike Dunk Low ""Mica Green""",DV7212-300,8356699,41,439,11.09.2024,SF1392892109657,FALSE,Pick up,26.09.2024,,,,,,
295,Nike Court Vision Nm голубые,FJ2767-400,8513866,"42,5",379,11.09.2024,73531020828356,FALSE,Pick up,25.09.2024,,,,,,
296,Nike Court Vision 1 Low Next Nature,DH3158-100,8513866,38,319,14.09.2024,SF3132912607407,FALSE,Pick up,27.09.2024,,,,,,
297,Nike Court Vision 1 Low Next Nature,DH3158-100,8513866,39,339,13.09.2024,73531186600812,FALSE,Pick up,27.09.2024,,,,,,
298,Nike Court Vision 1 Low Next Nature,DH3158-100,8513866,"44,5",319,13.09.2024,73531076124089,FALSE,Pick up,26.09.2024,,,,,,
299,"Jordan Luka 2 ""Safari""",FQ9046-800,6984072,46,379,10.09.2024,73531022122994,FALSE,Pick up,25.09.2024,,,,,,
300,Jordan Nu Retro 1 Low,DV5141-100,5449992,46,389,11.09.2024,SF1392892109657,FALSE,Pick up,26.09.2024,,,,,,
301,Asics Gel-Kahana 8 светлые,1012A978-022,,39,402,14.08.2024,73531338196767,FALSE,Pick up,27.09.2024,,,,,,
302,Asics Gel-Kahana 8 светлые,1012A978-022,,38,429,14.09.2024,73531342960822,FALSE,Pick up,27.09.2024,,,,,,
303,Asics Gel-Kahana 8,1011B109-031,,"41,5",459,14.09.2024,73531342960822,FALSE,Pick up,27.09.2024,,,,,,
304,Asics Gel-Kahana 8,1011B109-031,,"42,5",479,14.09.2024,73531338196767,FALSE,Pick up,27.09.2024,,,,,,
305,Asics Gel-Kahana 8,1011B109-031,,"44,5",489,14.09.2024,73531338196767,FALSE,Pick up,27.09.2024,,,,,,
306,Jordan Courtside 23 белые,AR1000-104,,43,449,14.09.2024,73531338196767,FALSE,Pick up,27.09.2024,,,,,,
307,Jordan Courtside 23 белые,AR1000-104,,46,459,14.09.2024,73531338196767,FALSE,Pick up,27.09.2024,,,,,,
308,Jordan Courtside 23 беж,AT0057-200,,44,429,14.09.2024,73531342960822,FALSE,Pick up,27.09.2024,,,,,,
309,Jordan Courtside 23 беж,AT0057-200,,"42,5",429,14.09.2024,73531338196767,FALSE,Pick up,27.09.2024,,,,,,
310,Jordan Courtside 23 серые,AR1000-003,,45,429,15.09.2024,73531323486865,FALSE,Pick up,27.09.2024,,,,,,
311,New Balance NB 880,MW880CF3,,"41,5",349,14.09.2024,73531342695806,FALSE,Pick up,27.09.2024,,,,,,
312,New Balance NB 880,MW880CF3,,"42,5",379,14.09.2024,73531342695806,FALSE,Pick up,27.09.2024,,,,,,
313,New Balance NB 880,MW880CF3,,43,369,14.09.2024,73531342695806,FALSE,Pick up,27.09.2024,,,,,,
314,New Balance NB 5740,GC5740RT,3315266,"37,5",349,14.09.2024,SF1392291991195,FALSE,Pick up,27.09.2024,,,,,,
315,New Balance NB 5740,GC5740RT,,"38,5",399,18.09.2024,SF3112836198766,FALSE,Pick up,30.09.2024,,,,,,
316,New Balance NB 2002r беж,M2002REK,,38,609,18.09.2024,SF3115842795063,FALSE,Pick up,30.09.2024,,,,,,
317,New Balance NB 2002r беж,M2002REK,,40,559,15.09.2024,SF3105607916697,FALSE,Pick up,27.09.2024,,,,,,
318,New Balance NB 2002r беж,M2002REK,,"42,5",619,14.09.2024,SF3128597259348,FALSE,On it's way,30.09.2024,,,,,,
319,New Balance NB 2002r коричн,M2002RLY,,40,569,17.09.2024,SF3131429814806,FALSE,On it's way,01.10.2024,,,,,,
320,New Balance NB 2002r коричн,M2002RLY,,42,599,21.09.2024,SF3126593539296,FALSE,On it's way,04.10.2024,,,,,,
321,New Balance NB 9060,U9060MUS,,43,609,17.09.2024,SF3120993009567,FALSE,On it's way,01.10.2024,,,,,,
322,New Balance NB 1906 черные,M1906RK,,"39,5",569,24.09.2024,SF3117456645466,FALSE,On it's way,04.10.2024,,,,,,
323,New Balance NB 1906 черные,M1906RK,,42,549,22.09.2024,SF3109378204097,FALSE,On it's way,04.10.2024,,,,,,
324,New Balance NB 1906 черные,M1906RK,,43,579,21.09.2024,SF3102137392994,FALSE,On it's way,04.10.2024,,,,,,
325,New Balance NB 1906 лиловые,M1906RL,,38,559,18.09.2024,SF3103632307394,FALSE,On it's way,02.10.2024,,,,,,
326,New Balance NB 1906 лиловые,M1906RL,,"38,5",559,21.09.2024,SF1392191691765,FALSE,On it's way,04.10.2024,,,,,,
327,New Balance NB 1906 лиловые,M1906RL,,"41,5",549,18.09.2024,SF1395492709029,FALSE,On it's way,02.10.2024,,,,,,
328,Asics Gel-Contend 4 белые,T8D9Q-111,,38,379,18.09.2024,73531550600139,FALSE,On it's way,01.10.2024,,,,,,
329,Asics Gel-Contend 4 белые,T8D9Q-111,,"39,5",369,18.09.2024,73531546830006,FALSE,On it's way,02.10.2024,,,,,,
330,Jordan Luka 2,DX9012-100,,46,399,17.09.2024,73531550600139,FALSE,On it's way,01.10.2024,,,,,,
331,Jordan Luka 2,DX9012-100,,"47,5",379,19.09.2024,73531549075611,FALSE,On it's way,02.10.2024,,,,,,
332,Jordan Tatum PF,DZ3322-001,,45,369,18.09.2024,73531538771950,FALSE,On it's way,02.10.2024,,,,,,
333,Jordan Tatum PF,DZ3322-001,,46,409,17.09.2024,73531549245535,FALSE,On it's way,02.10.2024,,,,,,
334,Adidas Spiritan 2000,HP6762,,"46,5",259,18.09.2024,73531546830006,FALSE,On it's way,02.10.2024,,,,,,
335,Adidas Spiritan 2000,HP6762,,47,269,22.09.2024,73531722338098,FALSE,On it's way,04.10.2024,,,,,,
336,New Balance NB 2002r какао,M2002RDL,,"38,5",719,24.06.2024,SF1392696858270,FALSE,On it's way,08.10.2024,,,,,,
337,adidas originals Adi2000,IG1028,,"38,5",298,24.09.2024,SF3128097820890,FALSE,On it's way,04.10.2024,,,,,,
339,adidas originals Adi2000,IG1028,,40,298,24.09.2024,SF3107806273893,FALSE,On it's way,04.10.2024,,,,,,
339,adidas originals Adi2000,IG1028,,"46,5",389,24.09.2024,73531960889901,FALSE,On it's way,08.10.2024,,,,,,
340,Jordan Air Jordan 1 LOW синие,FN5214-141,,41,459,19.09.2024,73531666619617,FALSE,On it's way,04.10.2024,,,,,,
341,Jordan Air Jordan 1 LOW синие,FN5214-141,,43,469,19.09.2024,73531666619617,FALSE,On it's way,04.10.2024,,,,,,
342,Jordan Air Jordan 1 красные,FJ3459-160,,44,479,23.09.2024,73531716782112,FALSE,On it's way,04.10.2024,,,,,,
343,Jordan Air Jordan 1 красные,FJ3459-160,,46,489,19.09.2024,73531675113494,FALSE,On it's way,03.10.2024,,,,,,
344,"Jordan Air Jordan 1 Low ""Bred Toe""",553558-161,,44,519,19.09.2024,SF3108656893096,FALSE,On it's way,03.10.2024,,,,,,
345,"Jordan Air Jordan 1 Low ""Bred Toe""",553558-161,,45,579,20.09.2024,SF3119968642668,FALSE,On it's way,04.10.2024,,,,,,
346,Jordan 1 Mid зеленые,BQ6472-133,,"44,5",599,24.09.2024,SF3120393653280,FALSE,On it's way,04.10.2024,,,,,,
347,Jordan 1 High,DZ5485-105,,43,539,23.09.2024,SF1399392873298,FALSE,On it's way,09.10.2024,,,,,,
